Year	Conference	Title	Authors	Conference Paper	On-line repository	Video	Slides
2021	SODA	A Lower Bound for Dynamic Fractional Cascading	Peyman Afshani	https://epubs.siam.org/doi/abs/10.1137/1.9781611976465.133	https://arxiv.org/abs/2011.00503		
2021	SODA	Beating the probabilistic lower bound on perfect hashing	Chaoping Xing, Chen Yuan	https://epubs.siam.org/doi/abs/10.1137/1.9781611976465.3?mobileUi=0	https://arxiv.org/abs/1908.08792		
2021	SODA	Competitive Data-Structure Dynamization	Claire Mathieu, Rajmohan Rajaraman, Neal Young, Arman Yousefi	https://epubs.siam.org/doi/abs/10.1137/1.9781611976465.135			
2021	SODA	New Data Structures for Orthogonal Range Reporting and Range Minima Queries	Yakov Nekrich	https://epubs.siam.org/doi/abs/10.1137/1.9781611976465.73			
2021	SODA	On Locating Paths in Compressed Tries	Nicola Prezza	https://epubs.siam.org/doi/abs/10.1137/1.9781611976465.47			
2021	SODA	Optimal Oblivious Priority Queues	Zahra Jafargholi, Kasper Green Larsen, Mark Simkin	https://epubs.siam.org/doi/abs/10.1137/1.9781611976465.141			
2021	SODA	On Indexing and Compressing Finite Automata	Nicola Cotumaccio, Nicola Prezza	https://epubs.siam.org/doi/abs/10.1137/1.9781611976465.153			
2021	SOFSEM	Blocksequences of k-local Words	Pamela Fleischmann, Lukas Haschke, Florin Manea, Dirk Nowotka, Cedric Tsatia Tsida, Judith Wiedenbeck	https://link.springer.com/chapter/10.1007/978-3-030-67731-2_9	https://arxiv.org/abs/2008.03516		
2021	SOFSEM	Novel Results on the Number of Runs of the Burrows-Wheeler-Transform	Sara Giuliani, Shunsuke Inenaga, Zsuzsanna Lipták, Nicola Prezza, Marinella Sciortino, Anna Toffanello	https://link.springer.com/chapter/10.1007/978-3-030-67731-2_18			
2021	SOFSEM	A Normal Sequence Compressed by PPM* but not by Lempel-Ziv 78	Liam Jordon, Philippe Moser	https://link.springer.com/chapter/10.1007/978-3-030-67731-2_28	https://arxiv.org/abs/2009.04827		
2021	ALENEX	PFP Compressed Suffix Trees	Christina Boucher, Ondrej Cvacho, Travis Gagie, Jan Holub, Giovanni Manzini, Gonzalo Navarro, Massimiliano Rossi	https://epubs.siam.org/doi/10.1137/1.9781611976472.5			https://dsb-meeting.github.io/DSB2021/slides/slides-rossi.pdf
2021	STACS	Finding an Optimal Alphabet Ordering for Lyndon Factorization is Hard	Daniel Gibney, Sharma V. Thankachan.	https://drops.dagstuhl.de/opus/volltexte/2021/13680/	https://www.cs.ucf.edu/~dgibney/lyndon.pdf	https://www.youtube.com/watch?v=IaaCS2AnqBo	
2021	LATA	Cadences in Grammar-Compressed Strings	Julian Pape-Lange	https://link.springer.com/chapter/10.1007/978-3-030-68195-1_26	https://arxiv.org/abs/2008.05594		
2021	LATA	Succinct Representations for (Non)Deterministic Finite Automata	Sankardeep Chakraborty, Roberto Grossi, Kunihiko Sadakane, Srinivasa Rao Satti	https://link.springer.com/chapter/10.1007/978-3-030-68195-1_5	https://arxiv.org/abs/1907.09271		
2021	STOC	Improved Dynamic Algorithms for Longest Increasing Subsequence	Tomasz Kociumaka; Saeed Seddighin	https://dl.acm.org/doi/abs/10.1145/3406325.3451026	https://arxiv.org/abs/2011.10874	https://www.youtube.com/watch?v=s3WvqTwFhMs	
2021	STOC	Fully Dynamic Approximation of LIS in Polylogarithmic Time	Pawel Gawrychowski, Wojciech Janczewski	https://dl.acm.org/doi/10.1145/3406325.3451137	https://arxiv.org/abs/2011.09761	https://www.youtube.com/watch?v=moLoRvl-vHA	
2021	DCC	A Grammar Compressor for Collections of Reads with Applications to the Construction of the BWT	Diego Díaz-Domínguez, Gonzalo Navarro	https://ieeexplore.ieee.org/document/9418740	https://arxiv.org/abs/2011.07999	https://sigport.org/documents/grammar-compressor-collections-reads-applications-construction-bwt	
2021	DCC	Backward Weighted Coding	Aharon Fruchtman, Yoav Gross,  Shmuel T. Klein, Dana Shapira	https://ieeexplore.ieee.org/document/9418636		https://sigport.org/node/5631/revisions/8048/view	
2021	DCC	ndzip: A High-Throughput Parallel Lossless Compressor for Scientific Data	Fabian Knorr, Peter Thoman, Thomas Fahringer	https://ieeexplore.ieee.org/document/9418774	https://dps.uibk.ac.at/~fabian/publications/2021-ndzip-a-high-throughput-parallel-lossless-compressor-for-scientific-data.pdf	https://sigport.org/documents/ndzip-high-throughput-parallel-lossless-compressor-scientific-data	
2021	DCC	Compact Representation of Spatial Hierarchies and Topological Relationships	José Fuentes-Sepúlveda, Diego Gatica, Gonzalo,Navarro, M. Andrea Rodríguez, Diego Seco	https://ieeexplore.ieee.org/document/9418724			
2021	DCC	Succinct Representations of Intersection Graphs on a Circle	Hüseyin Acan1, Sankardeep Chakraborty, Seungbum Jo, Kei Nakashima, Kunihiko Sadakane, Srinivasa Rao Satti	https://ieeexplore.ieee.org/document/9418681	https://arxiv.org/abs/2010.04333	https://sigport.org/documents/succinct-representations-intersection-graphs-circle	
2021	DCC	Succinct Data Structures for Small Clique-Width Graphs	Sankardeep Chakraborty, Seungbum Jo, Kunihiko Sadakane, Srinivasa Rao Satti	https://ieeexplore.ieee.org/abstract/document/9418787		https://sigport.org/documents/succinct-data-structures-small-clique-width-graphs	
2021	DCC	Neural Networks Optimally Compress the Sawbridge	Aaron B. Wagner, Johannes Ballé	https://ieeexplore.ieee.org/document/9418773	https://arxiv.org/abs/2011.05065	https://sigport.org/documents/neural-networks-optimally-compress-sawbridge	
2021	DCC	DZip: improved general-purpose loss less compression based on novel neural network modeling	Mohit Goyal, Kedar Tatwawadi, Shubham Chandak, Idoia Ochoa	https://ieeexplore.ieee.org/document/9418692	https://arxiv.org/abs/1911.03572	https://sigport.org/documents/dzip-improved-general-purpose-lossless-compression-based-novel-neural-network-modeling	
2021	DCC	End-to-end Optimized Image Compression for Machines, a Study	Lahiru D. Chamain, Fabien Racapé, Jean Bégaint, Akshay Pushparaja, Simon Feltman	https://ieeexplore.ieee.org/document/9418723	https://arxiv.org/abs/2011.06409		
2021	DCC	PHONI: Streamed Matching Statistics with Multi-genome References	Christina Boucher, Travis Gagie, Tomohiro I, Dominik Koeppl, Ben Langmead, Giovanni Manzini,  Gonzalo Navarro, Alejandro Pacheco, Massimiliano Rossi	https://ieeexplore.ieee.org/document/9418770	https://arxiv.org/abs/2011.05610	https://www.youtube.com/watch?v=0KH_MeUUAT0	
2021	DCC	Efficiently Merging r-Indexes	Marco Oliva, Massimiliano Rossi, Jouni Sirén, Giovanni Manzini, Tamer Kahveci, Travis Gagie, Christina Boucher	https://ieeexplore.ieee.org/document/9418768	http://learned.di.unipi.it/publication/efficiently-merging-r-indexes/efficiently-merging-r-indexes.pdf	https://sigport.org/documents/efficiently-merging-r-indexes	
2021	DCC	Smaller RLZ-Compressed Suffix Arrays	Simon J. Puglisi, Bella Zhukova	https://ieeexplore.ieee.org/document/9418726			
2021	DCC	On Elias-Fano for Rank Queries in FM-Indexes	Danyang Ma, Simon J. Puglisi, Rajeev Raman, Bella Zhukova	https://ieeexplore.ieee.org/document/9418679			
2021	DCC	Improving Run Length Encoding by Preprocessing	Sven Fiergolla, Petra Wolf	https://ieeexplore.ieee.org/document/9418678	https://arxiv.org/abs/2101.05329		
2021	DCC	Parallel Processing of Grammar Compression	Masaki Matsushita, Yasushi Inoguchi	https://ieeexplore.ieee.org/document/9418714			
2021	DCC	On Random Editing in LZ-End	Daniel Roodt, Ulrich Speidel, Vimal Kumar, Ryan K. L. Ko	https://ieeexplore.ieee.org/document/9418795	https://arxiv.org/abs/2007.06167	https://sigport.org/documents/random-editing-lz-end	
2021	DCC	Accelerating Knuth-Morris-Pratt String Matching over LZ77 Compressed Text	Xiuwen Sun, Di Wu, Da Mo, Jie Cui, Hong Zhong	https://ieeexplore.ieee.org/document/9418779			
2021	DCC	Improved LZ77 Compression	Cody (Yingquan) Wu	https://ieeexplore.ieee.org/document/9418744		https://sigport.org/documents/improved-lz77-compression	
2021	DLT	Weighted Prefix Normal Words: Mind the Gap	Yannik Eikmeier, Pamela Fleischmann, Mitja Kulczynski, Dirk Nowotka	https://link.springer.com/chapter/10.1007/978-3-030-81508-0_12	https://arxiv.org/abs/2005.09281		
2021	DLT	Upper Bounds on Distinct Maximal (Sub-)Repetitions in Compressed Strings	Julian Pape-Lange	https://link.springer.com/chapter/10.1007/978-3-030-81508-0_26	https://arxiv.org/abs/2002.06265		
2021	IWOCA	The Tandem Duplication Distance Problem is hard over bounded alphabets	Ferdinando Cicalese, Nicolò Pilati	https://link.springer.com/chapter/10.1007/978-3-030-79987-8_13	https://arxiv.org/abs/2004.02338	https://www.youtube.com/watch?v=2gThthvOuPE	
2021	SEA	Document Retrieval Hacks	Simon Puglisi, Bella Zhukova	https://drops.dagstuhl.de/opus/volltexte/2021/13784/			
2021	SEA	Engineering Predecessor Data Structures for Dynamic Integer Sets	Patrick Dinklage, Johannes Fischer, Alexander Herlez	https://drops.dagstuhl.de/opus/frontdoor.php?source_opus=13779	https://arxiv.org/abs/2104.06740		http://sci.pdinklag.de/slides/conferences/SEA21%20-%20Engineering%20Predecessor%20Data%20Structures%20for%20Dynamic%20Integer%20Sets.pdf
2021	ICALP	Improved Approximation for Longest Common Subsequence over Small Alphabets	Shyan Akmal, Virginia Williams	https://drops.dagstuhl.de/opus/frontdoor.php?source_opus=14082			
2021	ICALP	New Sublinear Algorithms and Lower Bounds for LIS Estimation	Ilan Newman, Nithin Varma	https://drops.dagstuhl.de/opus/frontdoor.php?source_opus=14169	https://arxiv.org/abs/2010.05805		
2021	ICALP	A Linear-Time n0.4-Approximation for Longest Common Subsequence	Karl Bringmann, Debarati Das	https://drops.dagstuhl.de/opus/volltexte/2021/14108/			
2021	ICALP	Linear Time Runs over General Ordered Alphabets	Jonas Ellert, Johannes Fischer	https://drops.dagstuhl.de/opus/frontdoor.php?source_opus=14132	https://arxiv.org/abs/2102.08670		
2021	ICALP	Fine-Grained Hardness for Edit Distance to a Fixed Sequence	Amir Abboud, Virginia Vassilevska Williams	https://drops.dagstuhl.de/opus/frontdoor.php?source_opus=14076			
2021	ICALP	Sorting Short Integers	Michal Koucký, Karel Král	https://drops.dagstuhl.de/opus/frontdoor.php?source_opus=14157			
2021	ICALP	An Almost Optimal Edit Distance Oracle	Panagiotis Charalampopoulos, Shay Mozes, Pawel Gawrychowski, Oren Weimann	https://drops.dagstuhl.de/opus/frontdoor.php?source_opus=14117	https://arxiv.org/abs/2103.03294		
2021	ICALP	Faster Algorithms for Bounded Tree Edit Distance	Shyan Akmal, Ce Jin	https://drops.dagstuhl.de/opus/frontdoor.php?source_opus=14081			
2021	ICALP	Analysis of Smooth Heaps and Slim Heaps	Maria Hartmann, László Kozma, Corwin Sinnamon, Robert Tarjan	https://drops.dagstuhl.de/opus/frontdoor.php?source_opus=14148			
2021	ICALP	Streaming and Small Space Approximation Algorithms for Edit Distance and Longest Common Subsequence	Kuan Cheng, Alireza Farhadi, Mohammadtaghi Hajiaghayi, Zhengzhong Jin, Xin Li, Aviad Rubinstein, Saeed Seddighin, Yu Zheng. S	https://drops.dagstuhl.de/opus/frontdoor.php?source_opus=14123			
2021	ICALP	LF Successor: Compact Space Indexing for Order-Isomorphic Pattern Matching	Arnab Ganguly, Dhrumil Patel, Rahul Shah, Sharma Thankachan	https://drops.dagstuhl.de/opus/frontdoor.php?source_opus=14140			
2021	ICALP	Optimal-Time Queries on BWT-runs Compressed Indexes	Takaaki Nishimoto, Yasuo Tabei	https://drops.dagstuhl.de/opus/frontdoor.php?source_opus=14170	https://arxiv.org/abs/2006.05104		
2021	CPM	Efficient algorithms for counting gapped palindromes	Andrei Popa, Alexandru Popa	https://drops.dagstuhl.de/opus/frontdoor.php?source_opus=13974			
2021	CPM	String Sanitization Under Edit Distance: Improved and Generalized	Takuya Mieno, Solon Pissis, Michelle Sweering, Leen Stougie	https://drops.dagstuhl.de/opus/frontdoor.php?source_opus=13970	https://arxiv.org/abs/2007.08179		
2021	CPM	An invertible transform for efficient string matching in labeled digraphs	Abhinav Nellore, Austin Nguyen, Reid Thompson	https://drops.dagstuhl.de/opus/frontdoor.php?source_opus=13971	https://arxiv.org/abs/1905.03424		
2021	CPM	Constructing the Bijective and the Extended Burrows-Wheeler Transform in Linear Time	Hideo Bannai, Juha Kärkkäinen, Dominik Köppl, Marcin Piątkowski	https://drops.dagstuhl.de/opus/frontdoor.php?source_opus=13958	https://arxiv.org/abs/1911.06985		
2021	CPM	AWLCO: All-Window Length Co-Occurrence	Joshua Sobel, Noah Bertram, Chen Ding, Fatemeh Nargesian, Daniel Gildea	https://drops.dagstuhl.de/opus/frontdoor.php?source_opus=13975	https://arxiv.org/abs/2011.14460		
2021	CPM	The Longest Run Subsequence Problem: Further Complexity Results	Riccardo Dondi, Florian Sikora	https://drops.dagstuhl.de/opus/frontdoor.php?source_opus=13965	https://arxiv.org/abs/2011.08119		
2021	CPM	A Linear Time Algorithm for Constructing Hierarchical Overlap Graphs	Sangsoo Park, Sung Gwan Park, Bastien Cazaux, Kunsoo Park, Eric Rivals	https://drops.dagstuhl.de/opus/frontdoor.php?source_opus=13973	https://arxiv.org/abs/2102.12824		
2021	CPM	Computing Covers of 2D-Strings	Panagiotis Charalampopoulos, Jakub Radoszewski, Wojciech Rytter, Tomasz Walen, Wiktor Zuba	https://drops.dagstuhl.de/opus/frontdoor.php?source_opus=13963			
2021	CPM	Gapped Indexing for Consecutive Occurrences	Philip Bille, Inge Li Gørtz, Max Pedersen, Teresa Anna Steiner	https://drops.dagstuhl.de/opus/frontdoor.php?source_opus=13961	https://arxiv.org/abs/2102.02505		
2021	CPM	Data Structures for Categorical Path Counting Queries	Meng He, Serikzhan Kazi	https://drops.dagstuhl.de/opus/frontdoor.php?source_opus=13966			
2021	CPM	R-enum: Enumeration of Characteristic Substrings in BWT-runs Bounded Space	Takaaki Nishimoto, Yasuo Tabei	https://drops.dagstuhl.de/opus/frontdoor.php?source_opus=13972	https://arxiv.org/abs/2004.01493		
2021	CPM	Constructing Strings Avoiding Forbidden Substrings	Giulia Bernardini, Alberto Marchetti-Spaccamela, Solon Pissis, Leen Stougie, Michelle Sweering	https://drops.dagstuhl.de/opus/frontdoor.php?source_opus=13960			
2021	CPM	Optimal Construction of Hierarchical Overlap Graphs	Shahbaz Khan	https://drops.dagstuhl.de/opus/frontdoor.php?source_opus=13968	https://arxiv.org/abs/2102.02873		
2021	CPM	The k-mappability problem revisited	Amihood Amir, Itai Boneh, Eitan Kondratovsky	https://drops.dagstuhl.de/opus/frontdoor.php?source_opus=13956			
2021	CPM	Disorders and permutations	Laurent Bulteau, Samuele Giraudo, Stéphane Vialette	https://drops.dagstuhl.de/opus/frontdoor.php?source_opus=13962			
2021	CPM	Ranking Bracelets in Polynomial Time	Duncan Adamson, Argyrios Deligkas, Vladimir Gusev, Igor Potapov	https://drops.dagstuhl.de/opus/frontdoor.php?source_opus=13955			
2021	CPM	Compressed Weighted de Bruijn Graphs	Giuseppe F. Italiano, Nicola Prezza, Blerina Sinaimeri, Rossano Venturini	https://drops.dagstuhl.de/opus/frontdoor.php?source_opus=13967			
2021	CPM	Weighted Ancestors in Suffix Trees Revisited	Djamal Belazzougui, Dmitry Kosolobov, Simon Puglisi, Rajeev Raman	https://drops.dagstuhl.de/opus/frontdoor.php?source_opus=13959	https://arxiv.org/abs/2103.00462		
2021	CPM	A Fast and Small Subsampled R-index	Dustin Cobas, Travis Gagie, Gonzalo Navarro	https://drops.dagstuhl.de/opus/frontdoor.php?source_opus=13964	https://arxiv.org/abs/2103.15329		
2021	CPM	Optimal Completion and Comparison of Incomplete Phylogenetic Trees Under Robinson-Foulds Distance	Keegan Yao, Mukul S. Bansal	https://drops.dagstuhl.de/opus/frontdoor.php?source_opus=13976			https://compbio.engr.uconn.edu/wp-content/uploads/sites/2447/2021/04/YB_OptimalRFCompletion_CPM2021.pdf
2021	CPM	A Compact Index for Cartesian Tree Matching	Sung-Hwan Kim, Hwan-Gue Cho	https://drops.dagstuhl.de/opus/frontdoor.php?source_opus=13969			
2021	CPM	Internal Shortest Absent Word Queries	Golnaz Badkobeh, Panagiotis Charalampopoulos, Solon Pissis.	https://drops.dagstuhl.de/opus/frontdoor.php?source_opus=13957			
2021	FOCS	Breaking the Cubic Barrier for (Unweighted) Tree Edit Distance	Xiao Mao		https://arxiv.org/abs/2106.02026		
2021	FOCS	Small space and streaming pattern matching with k edits	Tomasz Kociumaka, Ely Porat, Tatiana Starikovskaya.		https://arxiv.org/abs/2106.06037		
2021	MFCS	Matching Patterns with Variables under Hamming Distance	Pawel Gawrychowski, Florin Manea, Stefan Siemer	https://drops.dagstuhl.de/opus/frontdoor.php?source_opus=14488	https://arxiv.org/abs/2106.06249		
2021	ESA	Bidirectional String Anchors: a New String Sampling Mechanism	Grigorios Loukides, Solon Pissis.	https://drops.dagstuhl.de/opus/volltexte/2021/14645/			
2021	ESA	Compression by Contracting Straight-Line Programs	Moses Ganardi.	https://drops.dagstuhl.de/opus/frontdoor.php?source_opus=14626	https://arxiv.org/abs/2107.00446		
2021	ESA	Dynamic Colored Orthogonal Range Searching	Timothy M. Chan, Zhengcheng Huang.	https://drops.dagstuhl.de/opus/frontdoor.php?source_opus=14609			
2021	ESA	Hypersuccinct Trees: New Universal Tree Source Codes for Optimal Compressed Tree Data Structures and Range Minima	Ian Munro, Patrick K. Nicholson, Louisa Seelbach Benkner, Sebastian Wild.	https://drops.dagstuhl.de/opus/frontdoor.php?source_opus=14651	https://arxiv.org/abs/2104.13457		
2021	ESA	Minimum Common String Partition: Exact Algorithms	Marek Cygan, Alexander Kulikov, Ivan Mihajlin, Maksim Nikolaev, Grigory Reznikov.	https://drops.dagstuhl.de/opus/frontdoor.php?source_opus=14616			
2021	ESA	Lyndon Words Accelerate Suffix Sorting	Nico Bertram, Jonas Ellert, Johannes Fischer.	https://drops.dagstuhl.de/opus/frontdoor.php?source_opus=14596			
2021	ESA	Fast and Space-Efficient Construction of AVL Grammars from the LZ77 Parsing	Dominik Kempa, Ben Langmead.	https://drops.dagstuhl.de/opus/frontdoor.php?source_opus=14637	https://arxiv.org/abs/2105.11052		
2021	ESA	Space Efficient Two-Dimensional Orthogonal Colored Range Counting	Younan Gao, Meng He.	https://drops.dagstuhl.de/opus/frontdoor.php?source_opus=14627			
2021	ESA	Faster Algorithms for Longest Common Substring	Panagiotis Charalampopoulos, Tomasz Kociumaka, Solon Pissis, Jakub Radoszewski.	https://drops.dagstuhl.de/opus/frontdoor.php?source_opus=14611	https://arxiv.org/abs/2105.03106		
2021	SPIRE	A Separation of γ and b via Thue-Morse Words	Hideo Bannai, Mitsuru Funakoshi, Takuya Mieno, Tomohiro I, Dominik Köppl, Takaaki Nishimoto	https://link.springer.com/chapter/10.1007/978-3-030-86692-1_14	https://arxiv.org/abs/2104.09985		
2021	SPIRE	Longest Common Rollercoasters	Kosuke Fujita, Yuto Nakashima, Shunsuke Inenaga, Hideo Bannai, Masayuki Takeda	https://link.springer.com/chapter/10.1007/978-3-030-86692-1_3			
2021	SPIRE	Permutation-constrained Common String Partitions with Applications	Manuel Lafond, Binhai Zhu	https://link.springer.com/chapter/10.1007/978-3-030-86692-1_5			
2021	SPIRE	Minimal unique palindromic substrings after single-character substitution	Mitsuru Funakoshi, Takuya Mieno	https://link.springer.com/chapter/10.1007/978-3-030-86692-1_4	https://arxiv.org/abs/2105.11693		
2021	SPIRE	Exploiting Pseudo-Locality of Interchange Distance	Avivit Levy	https://link.springer.com/chapter/10.1007/978-3-030-86692-1_19			
2021	SPIRE	On Stricter Reachable Repetitiveness Measures	Gonzalo Navarro, Cristian Urbina	https://link.springer.com/chapter/10.1007/978-3-030-86692-1_16	https://arxiv.org/abs/2105.13595		
2021	SPIRE	Grammar Index By Induced Suffix Sorting	Tooru Akagi, Dominik Köppl, Yuto Nakashima, Shunsuke Inenaga, Hideo Bannai, Masayuki Takeda	https://link.springer.com/chapter/10.1007/978-3-030-86692-1_8	https://arxiv.org/abs/2105.13744		
2021	SPIRE	Lower Bounds for the Number of Repetitions in 2D Strings	Pawel Gawrychowski, Samah Ghazawi, Gad M. Landau	https://link.springer.com/chapter/10.1007/978-3-030-86692-1_15	https://arxiv.org/abs/2105.14903		
2021	SPIRE	String Covers of a Tree	Jakub Radoszewski, Wojciech Rytter, Juliusz Straszyński, Tomasz Waleń, Wiktor Zuba	https://link.springer.com/chapter/10.1007/978-3-030-86692-1_7			
2021	SPIRE	findere: fast and precise approximate membership query	Lucas Robidou, Pierre Peterlongo	https://link.springer.com/chapter/10.1007/978-3-030-86692-1_13	https://www.biorxiv.org/content/10.1101/2021.05.31.446182v2		
2021	SPIRE	Computing the original eBWT faster, simpler, and with less memory	Christina Boucher, Davide Cenzato, Zsuzsanna Liptak, Massimiliano Rossi, Marinella Sciortino	https://link.springer.com/chapter/10.1007/978-3-030-86692-1_11	https://arxiv.org/abs/2106.11191		
2021	SPIRE	An LMS-based Grammar Self-index with Local Consistency Properties	Diego Diaz, Gonzalo Navarro, Alejandro Pacheco	https://link.springer.com/chapter/10.1007/978-3-030-86692-1_9	https://users.dcc.uchile.cl/~gnavarro/ps/spire21.2.pdf		
2021	SPIRE	Position Heaps for Cartesian-tree Matching on Strings and Tries	Akio Nishimoto, Noriki Fujisato, Yuto Nakashima, Shunsuke Inenaga	https://link.springer.com/chapter/10.1007/978-3-030-86692-1_20	https://arxiv.org/abs/2106.01595		
2021	SPIRE	On the approximation ratio of LZ-End to LZ77	Takumi Ideue, Takuya Mieno, Mitsuru Funakoshi, Yuto Nakashima, Shunsuke Inenaga, Masayuki Takeda	https://link.springer.com/chapter/10.1007/978-3-030-86692-1_10	https://arxiv.org/abs/2106.01173		
2021	SPIRE	Extracting the Sparse Longest Common Prefix Array from the Suffix Binary Search Tree	Tomohiro I, Robert Irving, Dominik Köppl, Lorna Love	https://link.springer.com/chapter/10.1007/978-3-030-86692-1_12			
2021	SPIRE	All Instantiations of the Greedy Algorithm for the Shortest Common Superstring Problem are Equivalent	Maksim Nikolaev	https://link.springer.com/chapter/10.1007/978-3-030-86692-1_6	https://arxiv.org/abs/2102.05579		
2021	SPIRE	TSXor: A Simple Time Series Compression Algorithm	Andrea Bruno, Franco Maria Nardini, Giulio Ermanno Pibiri, Roberto Trani, Rossano Venturini	https://link.springer.com/chapter/10.1007/978-3-030-86692-1_18			
2021	SPIRE	Improved Topic Modeling in Twitter Through Community Pooling	Federico Albanese, Esteban Feuerstein	https://link.springer.com/chapter/10.1007/978-3-030-86692-1_17			
2021	PSC	Automata approach to inexact tree pattern matching using 1-degree edit distance	Eliška Šestáková, Ondřej Guth, Jan Janoušek	http://www.stringology.org/event/2021/p01.html			
2021	PSC	Computational Substantiation of the d-step Conjecture for Distinct Squares Revisited	Frantisek Franek, Michael Liut	http://www.stringology.org/event/2021/p04.html			
2021	PSC	Counting Lyndon Subsequences	Ryo Hirakawa, Yuto Nakashima, Shunsuke Inenaga, Masayuki Takeda	http://www.stringology.org/event/2021/p05.html	https://arxiv.org/abs/2106.01190		
2021	PSC	Pitfalls of Algorithm Comparison	Waltteri Pakalen, Hannu Peltola, Jorma Tarhio, Bruce Watson	http://www.stringology.org/event/2021/p02.html			
2021	PSC	Refined upper bounds on the size of the condensed neighbourhood of sequences	Cedric Chauve, Marni Mishna, France Paquet-Nadeau	http://www.stringology.org/event/2021/p03.html			
2021	PSC	Searching with Extended Guard and Pivot Loop	Waltteri Pakalén, Jorma Tarhio, Bruce W. Watson	http://www.stringology.org/event/2021/p08.html			
2021	PSC	The n-ary Initial Literal and Literal Shuffle	Stefan Hoffmann	http://www.stringology.org/event/2021/p06.html			
2021	PSC	Towards an Efficient Text Sampling Approach for Exact and Approximate Matching	Simone Faro, Francesco Pio Marino, Arianna Pavone, Antonio Scardace	http://www.stringology.org/event/2021/p07.html			
2021	ISAAC	Repetition- and linearity-aware rank/select dictionaries	Paolo Ferragina, Giovanni Manzini, Giorgio Vinciguerra	https://drops.dagstuhl.de/opus/frontdoor.php?source_opus=15497			
2021	ISAAC	Pattern Masking for Dictionary Matching	Panagiotis Charalampopoulos, Huiping Chen, Peter Christen, Grigorios Loukides, Nadia Pisanti, Solon Pissis, Jakub Radoszweski	https://drops.dagstuhl.de/opus/frontdoor.php?source_opus=15498	https://arxiv.org/abs/2006.16137		
2021	ISAAC	Resilient level ancestor, bottleneck, and lowest common ancestor queries in dynamic trees	Luciano Gualà, Stefano Leucci, Isabella Ziccardi	https://drops.dagstuhl.de/opus/frontdoor.php?source_opus=15499	https://arxiv.org/abs/2109.09588		
2021	ISAAC	Inverse Suffix Array Queries for 2-Dimensional Pattern Matching in Near-Compact Space	Dhrumil Patel, Rahul Shah	https://drops.dagstuhl.de/opus/frontdoor.php?source_opus=15493			
2020	SODA	Reducing approximate Longest Common Subsequence to approximate Edit Distance	Zhao Song, Aviad Rubinstein	https://epubs.siam.org/doi/abs/10.1137/1.9781611975994.98?mobileUi=0	https://arxiv.org/abs/1904.05451		
2020	SODA	Combinatorial Generation via Permutation Languages	Elizabeth Hartung, Hung P. Hoang, Torsten Mütze, Aaron Williams	https://epubs.siam.org/doi/10.1137/1.9781611975994.74	https://arxiv.org/abs/1906.06069		
2020	SODA	A Lower Bound for Jumbled Indexing	Rasmus Killmann, Peyman Afshani, Ingo van Duijn, Jesper Sindahl Nielsen	https://epubs.siam.org/doi/abs/10.1137/1.9781611975994.36?mobileUi=0			
2020	SODA	Competitive Online Search Trees on Trees	Prosenjit Bose, Jean Cardinal, John Iacono, Grigorios Koumoutsos, Stefan Langerman	https://epubs.siam.org/doi/10.1137/1.9781611975994.115	https://arxiv.org/abs/1908.00848		
2020	SODA	Regular Languages meet Prefix Sorting	Jarno Alanko, Giovanna D'Agostino, Alberto Policriti, Nicola Prezza	https://epubs.siam.org/doi/10.1137/1.9781611975994.55	https://arxiv.org/abs/1902.01088		
2020	SODA	Improved Algorithms for Edit Distance and LCS: Beyond Worst Case	Mahdi Boroujeni, Masoud Seddighin, Saeed Seddighin	https://epubs.siam.org/doi/abs/10.1137/1.9781611975994.99			
2020	SODA	Locally Consistent Parsing for Text Indexing in Small Space	Or Birenzwige, Shay Golan, Ely Porat	https://epubs.siam.org/doi/abs/10.1137/1.9781611975994.37	https://arxiv.org/abs/1812.00359	https://www.youtube.com/watch?v=SfOjH6mx23I	
2020	SOFSEM	Minimal Unique Substrings and Minimal Absent Words in a Sliding Window	Takuya Mieno, Yuki Kuhara, Tooru Akagi, Yuta Fujishige, Yuto Nakashima, Shunsuke Inenaga, Hideo Bannai, Masayuki Takeda	https://link.springer.com/chapter/10.1007/978-3-030-38919-2_13	https://arxiv.org/abs/1909.02804		
2020	SOFSEMdrsf	An Extension of Linear-size Suffix Tries for Parameterized Strings	Katsuhito Nakashima, Diptarama Hendrian, Ryo Yoshinaka, Ayumi Shinohara	http://ceur-ws.org/Vol-2568/paper9.pdf	https://arxiv.org/abs/1902.00216		
2020	SOFSEMdrsf	AOBA: An Online Benchmark tool for Algorithms in stringology	Ryu Wakimoto, Satoshi Kobayashi, Yuki Igarashi, Davaajav Jargalsaikhan, Diptarama Hendrian, Ryo Yoshinaka, Ayumi Shinohara	http://ceur-ws.org/Vol-2568/paper1.pdf			
2020	SOFSEM	Fast Indexes for Gapped Pattern Matching	Manuel Caceres, Simon Puglisi, Bella Zhukova	https://link.springer.com/chapter/10.1007/978-3-030-38919-2_40	https://arxiv.org/abs/2002.12662		
2020	SOFSEM	Parallel duel-and-sweep algorithm for the order-preserving pattern matching	Davaajav Jargalsaikhan, Diptarama Hendrian, Ryo Yoshinaka, Ayumi Shinohara	https://link.springer.com/chapter/10.1007/978-3-030-38919-2_18	https://arxiv.org/abs/1705.09438		
2020	SOFSEM	Faster STR-EC-LCS Computation	Kohei Yamada, Yuto Nakashima, Shunsuke Inenaga, Hideo Bannai, Masayuki Takeda	https://link.springer.com/chapter/10.1007%2F978-3-030-38919-2_11	https://arxiv.org/abs/2001.05671		
2020	SOFSEMdrsf	Bit-Layers Text Encoding for Efficient Text Processing	Simone Faro, Domenico Cantone, Stefano Scafiti	http://ceur-ws.org/Vol-2568/paper2.pdf			
2020	ALENEX	RecSplit: Minimal Perfect Hashing via Recursive Splitting	Emmanuel Esposito, Thomas Mueller Graf, Sebastiano Vigna	https://epubs.siam.org/doi/abs/10.1137/1.9781611976007.14?mobileUi=0	https://arxiv.org/abs/1910.06416		
2020	ALENEX	Reverse-Safe Data Structures for Text Indexing	Giulia Bernardini, Huiping Chen, Gabriele Fici, Grigorios Loukides, Solon Pissis	https://epubs.siam.org/doi/abs/10.1137/1.9781611976007.16			
2020	ALENEX	Engineering Top-Down Weight-Balanced Trees	Lukas Barth, Dorothea Wagner	https://epubs.siam.org/doi/abs/10.1137/1.9781611976007.13	https://arxiv.org/abs/1910.07849		
2020	WALCOM	Generalized Dictionary Matching under Substring Consistent Equivalence Relations	Diptarama Hendrian	https://link.springer.com/chapter/10.1007/978-3-030-39881-1_11	https://arxiv.org/abs/1909.07538		
2020	WALCOM	Fast Multiple Pattern Cartesian Tree Matching	Geonmo Gu, Siwoo Song, Simone Faro, Thierry Lecroq, Kunsoo Park	https://link.springer.com/chapter/10.1007/978-3-030-39881-1_10	https://arxiv.org/abs/1911.01644		
2020	WALCOM	Faster Privacy-Preserving Computation of Edit Distance with Moves	Youhei Yoshimoto, Masaharu Kataoka, Yoshimasa Takabatake, Tomohiro I, Kilho Shin, Hiroshi Sakamoto.	https://link.springer.com/chapter/10.1007/978-3-030-39881-1_26	https://arxiv.org/abs/1911.10719		
2020	WALCOM	Shortest Covers of All Cyclic Shifts of a String	Maxime Crochemore, Costas Iliopoulos, Jakub Radoszewski, Wojciech Rytter, Juliusz Straszyński, Tomasz Walen, Wiktor Zuba	https://link.springer.com/chapter/10.1007/978-3-030-39881-1_7			
2020	STACS	String Indexing with Compressed Patterns	Philip Bille, Inge Li Gørtz, Teresa Anna Steiner	https://drops.dagstuhl.de/opus/volltexte/2020/11871/	https://arxiv.org/abs/1909.11930		
2020	STACS	Non-Rectangular Convolutions and (Sub-)Cadences with Three Elements	Mitsuru Funakoshi, Julian Pape-Lange	https://drops.dagstuhl.de/opus/volltexte/2020/11891/	https://arxiv.org/abs/1910.11564		
2020	STACS	Generalised Pattern Matching Revisited	Bartlomiej Dudek, Pawel Gawrychowski, Tatiana Starikovskaya	https://drops.dagstuhl.de/opus/volltexte/2020/11879/	https://arxiv.org/abs/2001.05976		
2020	STACS	Using statistical encoding to achieve tree succinctness never seen before	Michał Gańczorz.	https://drops.dagstuhl.de/opus/volltexte/2020/11883/	https://arxiv.org/abs/1807.06359		
2020	STACS	A sub-quadratic algorithm for the longest common increasing subsequence problem	Lech Duraj	https://drops.dagstuhl.de/opus/volltexte/2020/11902/	https://arxiv.org/abs/1902.06864		
2020	LATA	On Collapsing Prefix Normal Words	Pamela Fleischmann, Dirk Nowotka, Mitja Kulczynski, Danny Bøgsted Poulsen	https://link.springer.com/chapter/10.1007/978-3-030-40608-0_29	https://arxiv.org/abs/1905.11847		
2020	LATA	Lyndon Words versus Inverse Lyndon Words: Queries on Suffixes and Bordered Words	Paola Bonizzoni, Clelia De Felice, Rocco Zaccagnino, Rosalba Zizza	https://link.springer.com/chapter/10.1007/978-3-030-40608-0_27	https://arxiv.org/abs/1911.01851		
2020	STOC	Lower Bound for Succinct Range Minimum Query	Mingmou Liu, Huacheng Yu	https://dl.acm.org/doi/10.1145/3357713.3384260	https://arxiv.org/abs/2004.05738	https://www.youtube.com/watch?v=UO6rmEsWzc8	
2020	STOC	Approximating Text-to-Pattern Hamming Distances	Timothy M. Chan, Shay Golan, Tomasz Kociumaka, Tsvi Kopelowitz, Ely Porat	https://dl.acm.org/doi/abs/10.1145/3357713.3384266	https://arxiv.org/abs/2001.00211	https://www.youtube.com/watch?v=eRO4C6wvkPc	
2020	STOC	Nearly Optimal Static Las Vegas Succinct Dictionary	Huacheng Yu	https://dl.acm.org/doi/10.1145/3357713.3384274	https://arxiv.org/abs/1911.01348	https://www.youtube.com/watch?v=GGQbXn53ppQ	
2020	STOC	Constant-factor approximation of near-linear edit distance in near-linear time	Joshua Brakensiek, Aviad Rubinstein	https://dl.acm.org/doi/abs/10.1145/3357713.3384282	https://arxiv.org/abs/1904.05390	https://www.youtube.com/watch?v=-9Jy6-_YO28	
2020	STOC	Constant factor approximations to edit distance on far input pairs in nearly linear time	Michal Koucky, Michael Saks	https://dl.acm.org/doi/10.1145/3357713.3384307	https://arxiv.org/abs/1904.05459		
2020	LATIN	Towards a Definitive Measure of Repetitiveness	Tomasz Kociumaka, Gonzalo Navarro, Nicola Prezza	https://link.springer.com/chapter/10.1007/978-3-030-61792-9_17	https://arxiv.org/abs/1910.02151		
2020	LATIN	Suffix Trees, DAWGs and CDAWGs for Forward and Backward Tries	Shunsuke Inenaga	https://link.springer.com/chapter/10.1007/978-3-030-61792-9_16	https://arxiv.org/abs/1904.04513		
2020	LATIN	On the Collection of Fringe Subtrees in Random Binary Trees	Louisa Seelbach Benkner, Stephan Wagner	https://link.springer.com/chapter/10.1007/978-3-030-61792-9_43	https://arxiv.org/abs/2003.03323		
2020	LATIN	Batched Predecessor and Sorting with Size-Priced Information in External Memory	Mayank Goswami, Michael A. Bender, Dzejla Medjedovic, Pablo Montes, Kostas Tsichlas	https://link.springer.com/chapter/10.1007/978-3-030-61792-9_13	https://arxiv.org/abs/2004.13197		
2020	DCC	Semantrix: A Compressed Semantic Matrix	Nieves R.Brisaboa, Antonio Fariña, Gonzalo Navarro, Tirso Varela Rodeiro	https://ieeexplore.ieee.org/document/9105851	https://arxiv.org/abs/2002.12050	https://sigport.org/documents/semantrix-compressed-semantic-matrix	
2020	DCC	Revisiting Compact RDF Stores Based on k2-Trees	Nieves R. Brisaboa, Ana Cerdeira-Pena, Guillermo De Bernardo, Antonio Fariña	https://ieeexplore.ieee.org/document/9105870	https://arxiv.org/abs/2002.11622	https://sigport.org/documents/revisiting-compact-rdf-stores-based-k2-trees	
2020	DCC	Bitvectors with Runs and the Successor/Predecessor Problem	Adrián Gómez-Brandón	https://ieeexplore.ieee.org/document/9105872	https://arxiv.org/abs/2002.11691	https://sigport.org/documents/bitvectors-runs-and-successorpredecessor-problem	
2020	DCC	Decompressing Lempel-Ziv Compressed Text	Philip Bille, Mikko Berggren Ettienne, Travis Gagie, Inge Li Gørtz, Nicola Prezza	https://ieeexplore.ieee.org/document/9105689	https://arxiv.org/abs/1802.10347	https://sigport.org/documents/decompressing-lempel-ziv-compressed-text	
2020	DCC	Approximating Optimal Bidirectional Macro Schemes	Luís M. S. Russo1,Ana Sofia D. Correia, Gonzalo Navarro, Alexandre P. Francisco	https://ieeexplore.ieee.org/document/9105774	https://arxiv.org/abs/2003.02336	https://sigport.org/documents/approximating-optimal-bidirectional-macro-schemes	
2020	DCC	On Dynamic Succinct Graph Representations	Miguel E. Coimbra, Alexandre P. Francisco1, Luís M. S. Russo, Guillermo De Bernardo, Susana Ladra, Gonzalo Navarro	https://ieeexplore.ieee.org/document/9105823	https://arxiv.org/abs/1911.03195	https://sigport.org/documents/dynamic-succinct-graph-representations	
2020	DCC	Edge Minimization in de Bruijn Graphs	Uwe Baier, Thomas Büchler, Enno Ohlebusch, Pascal Weber	https://ieeexplore.ieee.org/document/9105671	https://arxiv.org/abs/1911.00044	https://sigport.org/documents/edge-minimization-de-bruijn-graphs	
2020	DCC	Compact Representation of Graphs with Small Bandwidth and Treedepth	Shahin Kamali	https://ieeexplore.ieee.org/document/9105777		https://sigport.org/documents/compact-representation-graphs-small-bandwidth-and-treedepth	
2020	DCC	c-Trie++: A Dynamic Trie Tailored for Fast Prefix Searches	Kazuya Tsuruta, Dominik Köppl, Shunsuke Kanda, Yuto Nakashima, Shunsuke Inenaga, Hideo Bannai, Masayuki Takeda	https://ieeexplore.ieee.org/document/9105914	https://arxiv.org/abs/1904.07467	https://sigport.org/documents/c-trie-dynamic-trie-tailored-fast-prefix-searches	
2020	DCC	Practical Repetition-Aware Grammar Compression	Isamu Furuya	https://ieeexplore.ieee.org/document/9105838	https://arxiv.org/abs/1910.13479	https://sigport.org/documents/practical-repetition-aware-grammar-compression	
2020	DCC	Pattern Search in Grammar-Compressed Graphs	Stefan Böttcher, Rita Hartel, Sven Peeters	https://ieeexplore.ieee.org/document/9105664		https://sigport.org/documents/pattern-search-grammar-compressed-graphs	
2020	DCC	Towards Better Compressed Representations	Michał Gańczorz	https://ieeexplore.ieee.org/document/9105842	https://arxiv.org/abs/1911.02889	https://sigport.org/documents/towards-better-compressed-representations	
2020	DCC	Re-Pair in Small Space	Dominik Köppl,Tomohiro I,Isamu Furuya, Yoshimasa Takabatake, Kensuke Sakai, Keisuke Goto	https://ieeexplore.ieee.org/document/9105694	https://arxiv.org/abs/1908.04933	https://sigport.org/documents/re-pair-small-space	
2020	DCC	Grammar Compression with Probabilistic Context-Free Grammar	Hiroaki Naganuma, Diptarama Hendrian, Ryo Yoshinaka, Ayumi Shinohara, Naoki Kobayashi	https://ieeexplore.ieee.org/document/9105840	https://arxiv.org/abs/2003.08097	https://sigport.org/documents/grammar-compression-probabilistic-context-free-grammar	
2020	DCC	Compressing and Randomly Accessing Sequences (note)	Laith AliAbdusahib, Diego Arroyuelo, Rajeev Raman	https://ieeexplore.ieee.org/document/9105832		https://sigport.org/documents/compressing-and-randomly-accessing-sequences	
2020	IWOCA	Optimal In-place Algorithms for Basic Graph Problems	Sankardeep Chakraborty, Kunihiko Sadakane, Srinivasa Rao Satti	https://link.springer.com/chapter/10.1007/978-3-030-48966-3_10	https://arxiv.org/abs/1907.09280		
2020	SEA	Pattern Discovery in Colored Strings	Zsuzsanna Lipták, Simon J. Puglisi, Massimiliano Rossi	https://drops.dagstuhl.de/opus/volltexte/2020/12086/	https://arxiv.org/abs/2004.04858		
2020	SEA	Fast and linear-time string matching algorithms based on the distances of q-gram occurrences	Satoshi Kobayashi, Diptarama Hendrian, Ryo Yoshinaka, Ayumi Shinohara	https://drops.dagstuhl.de/opus/volltexte/2020/12087/	https://arxiv.org/abs/2002.08004		
2020	SEA	Zipping Segment Trees	Lukas Barth, Dorothea Wagner	https://drops.dagstuhl.de/opus/volltexte/2020/12099/	https://arxiv.org/abs/2004.03206		
2020	ICALP	Space Efficient Construction of Lyndon Arrays in Linear Time	Philip Bille, Jonas Ellert, Johannes Fischer, Inge Li Gørtz, Florian Kurpicz, J. Ian Munro, Eva Rotenberg	https://drops.dagstuhl.de/opus/volltexte/2020/12421/	https://arxiv.org/abs/1911.03542		
2020	ICALP	Dynamic Longest Common Substring in Polylogarithmic Time	Panagiotis Charalampopoulos, Pawel Gawrychowski, Karol Pokorski	https://drops.dagstuhl.de/opus/volltexte/2020/12434/	https://arxiv.org/abs/2006.02408		
2020	CPM	Unary Words Have the Smallest Levenshtein k-Neighbourhoods	Panagiotis Charalampopoulos, Solon Pissis, Jakub Radoszewski, Tomasz Walen, Wiktor Zuba	https://drops.dagstuhl.de/opus/volltexte/2020/12135/		https://www.youtube.com/watch?v=ACkmNAPDzr4	
2020	CPM	Longest Common Subsequence on Weighted Sequences	Evangelos Kipouridis, Kostas Tsichlas	https://drops.dagstuhl.de/opus/frontdoor.php?source_opus=12144	https://arxiv.org/abs/1901.04068	https://www.youtube.com/watch?v=Skrci0vF7ds	https://cpm2020.compute.dtu.dk/slides/session_01_talk_01.pdf
2020	CPM	String Sanitization under Edit Distance	Giulia Bernardini, Huiping Chen, Grigorios Loukides, Nadia Pisanti, Solon Pissis, Leen Stougie, Michelle Sweering	https://drops.dagstuhl.de/opus/frontdoor.php?source_opus=12132	https://arxiv.org/abs/2007.08179	https://www.youtube.com/watch?v=VnhyP6ZBsm4	
2020	CPM	Chaining with Overlaps Revisited	Veli Mäkinen, Kristoffer Sahlin	https://drops.dagstuhl.de/opus/frontdoor.php?source_opus=12150	https://arxiv.org/abs/2001.06864	https://www.youtube.com/watch?v=Ce6q90NTUlQ	
2020	CPM	Approximating Text-to-Pattern distance via dimensionality reduction	Przemysław Uznański	https://drops.dagstuhl.de/opus/frontdoor.php?source_opus=12154	https://arxiv.org/abs/2002.03459	https://www.youtube.com/watch?v=6ayOvbp6BFM	https://cpm2020.compute.dtu.dk/slides/session_01_talk_03.pdf
2020	CPM	Faster Binary Mean Computation Under Dynamic Time Warping	Nathan Schaar, Vincent Froese, Rolf Niedermeier	https://drops.dagstuhl.de/opus/frontdoor.php?source_opus=12153	https://arxiv.org/abs/2002.01178	https://www.youtube.com/watch?v=TK4z83P7kRY	https://cpm2020.compute.dtu.dk/slides/session_10_talk_01.pdf
2020	CPM	Parameterized Algorithms for Matrix Completion With Radius Constraints	Tomohiro Koana, Vincent Froese, Rolf Niedermeier	https://drops.dagstuhl.de/opus/frontdoor.php?source_opus=12145	https://arxiv.org/abs/2002.00645	https://www.youtube.com/watch?v=MO7Ps5wFOss	
2020	CPM	Summarizing Diverging String Sequences, with Applications to Chain-Letter Petitions	Patty Commins, David Liben-Nowell, Tina Liu, Kiran Tomlinson	https://drops.dagstuhl.de/opus/frontdoor.php?source_opus=12136	https://arxiv.org/abs/2004.08993	https://www.youtube.com/watch?v=qScA12VBDQk	https://cpm2020.compute.dtu.dk/slides/session_04_talk_01.pdf
2020	CPM	Time-Space Tradeoffs for Finding a Long Common Substring	Stav Ben Nun, Shay Golan, Tomasz Kociumaka, Matan Kraus	https://drops.dagstuhl.de/opus/frontdoor.php?source_opus=12130	https://arxiv.org/abs/2003.02016	https://www.youtube.com/watch?v=gMoPSe6Bmuo	
2020	CPM	Double String Tandem Repeats	Amihood Amir, Ayelet Butman, Gad M. Landau, Shoshana Marcus, Dina Sokol	https://drops.dagstuhl.de/opus/frontdoor.php?source_opus=12128		https://www.youtube.com/watch?v=RXlDciterOg	https://cpm2020.compute.dtu.dk/slides/session_08_talk_02.pdf
2020	CPM	Genomic Problems Involving Copy Number Profiles: Complexity and Algorithms	Manuel Lafond, Binhai Zhu, Peng Zou	https://drops.dagstuhl.de/opus/frontdoor.php?source_opus=12147	https://arxiv.org/abs/2002.04778	https://www.youtube.com/watch?v=DZoOGgTxbIc	https://cpm2020.compute.dtu.dk/slides/session_10_talk_03.pdf
2020	CPM	Compressed Orthogonal Search on Suffix Arrays with applications to Range LCP	Kotaro Matsuda, Kunihiko Sadakane, Tatiana Starikovskaya, Masakazu Tateshita	https://drops.dagstuhl.de/opus/frontdoor.php?source_opus=12148		https://www.youtube.com/watch?v=5VSe1Gu2zs8&feature=youtu.be	https://cpm2020.compute.dtu.dk/slides/session_03_talk_01.pdf
2020	CPM	Counting Distinct Patterns in Internal Dictionary Matching	Panagiotis Charalampopoulos, Tomasz Kociumaka, Manal Mohamed, Jakub Radoszewski, Wojciech Rytter, Juliusz Straszyński, Tomasz Waleń, Wiktor Zuba	https://drops.dagstuhl.de/opus/frontdoor.php?source_opus=12133	https://arxiv.org/abs/2005.05681	https://www.youtube.com/watch?v=r9zWZ8ahRrs&feature=youtu.be	
2020	CPM	Approximating longest common substring with k mismatches: Theory and practice	Garance Gourdel, Tomasz Kociumaka, Jakub Radoszewski, Tatiana Starikovskaya	https://drops.dagstuhl.de/opus/frontdoor.php?source_opus=12141	https://arxiv.org/abs/2004.13389	https://www.youtube.com/watch?v=K5l1cVFbjd8	https://cpm2020.compute.dtu.dk/slides/session_01_talk_03.pdf
2020	CPM	Dynamic String Alignment	Panagiotis Charalampopoulos, Tomasz Kociumaka, Shay Mozes	https://drops.dagstuhl.de/opus/frontdoor.php?source_opus=12134		https://www.youtube.com/watch?v=OtTHIHTyo1M	https://cpm2020.compute.dtu.dk/slides/session_05_talk_01.pdf
2020	CPM	FM-Index Reveals the Reverse Suffix Array	Arnab Ganguly, Daniel Gibney, Sahar Hooshmand, M. Oguzhan Kulekci, Sharma V. Thankachan	https://drops.dagstuhl.de/opus/frontdoor.php?source_opus=12138		https://www.youtube.com/watch?v=DJGuMmvq0PM	https://cpm2020.compute.dtu.dk/slides/session_03_talk_02.pdf
2020	CPM	On Extensions of Maximal Repeats in Compressed Strings	Julian Pape-Lange	https://drops.dagstuhl.de/opus/frontdoor.php?source_opus=12152	https://arxiv.org/abs/2002.06265		https://cpm2020.compute.dtu.dk/slides/session_04_talk_02.pdf
2020	CPM	Text Indexing and Searching in Sublinear Time	Ian Munro, Gonzalo Navarro, Yakov Nekrich	https://drops.dagstuhl.de/opus/frontdoor.php?source_opus=12149	https://arxiv.org/abs/1712.07431	https://www.youtube.com/watch?v=7r8BsYfiDGs	https://cpm2020.compute.dtu.dk/slides/session_08_talk_01.pdf
2020	CPM	k-Approximate Quasiperiodicity under Hamming and Edit Distance	Aleksander Kędzierski, Jakub Radoszewski	https://drops.dagstuhl.de/opus/frontdoor.php?source_opus=12143	https://arxiv.org/abs/2005.06329	https://www.youtube.com/watch?v=78OGaZUEoro	https://cpm2020.compute.dtu.dk/slides/session_08_talk_03.pdf
2020	CPM	On Two Measures of Distance between Fully-Labelled Trees	Giulia Bernardini, Paola Bonizzoni, Pawel Gawrychowski	https://drops.dagstuhl.de/opus/frontdoor.php?source_opus=12131	https://arxiv.org/abs/2002.05600	https://www.youtube.com/watch?v=d1bLQ4QBA5s	https://cpm2020.compute.dtu.dk/slides/session_07_talk_01.pdf
2020	CPM	DAWGs for parameterized matching: online construction and related indexing structures	Katsuhito Nakashima, Noriki Fujisato, Diptarama Hendrian, Yuto Nakashima, Ryo Yoshinaka, Shunsuke Inenaga, Hideo Bannai, Ayumi Shinohara, Masayuki Takeda	https://drops.dagstuhl.de/opus/frontdoor.php?source_opus=12151	https://arxiv.org/abs/2002.06786	https://www.youtube.com/watch?v=jlCAFQBAt0Q	
2020	CPM	On Indeterminate Strings Matching	Pawel Gawrychowski, Samah Ghazawi, Gad M. Landau	https://drops.dagstuhl.de/opus/frontdoor.php?source_opus=12139		https://www.youtube.com/watch?v=mmJijjeIRuk	https://cpm2020.compute.dtu.dk/slides/session_06_talk_02.pdf
2020	CPM	The Streaming k-Mismatch Problem: Tradeoffs between Space and Total Time	Shay Golan, Tomasz Kociumaka, Tsvi Kopelowitz, Ely Porat	https://drops.dagstuhl.de/opus/frontdoor.php?source_opus=12140	https://arxiv.org/abs/2004.12881	https://www.youtube.com/watch?v=qlT3jt6dJu0	https://cpm2020.compute.dtu.dk/slides/session_06_talk_01.pdf
2020	CPM	Detecting k-(Sub-)Cadences and Equidistant Subsequence Occurrences	Mitsuru Funakoshi, Yuto Nakashima, Shunsuke Inenaga, Hideo Bannai, Masayuki Takeda, Ayumi Shinohara	https://drops.dagstuhl.de/opus/frontdoor.php?source_opus=12137	https://arxiv.org/abs/2002.06796		https://cpm2020.compute.dtu.dk/slides/session_09_talk_02.pdf
2020	CPM	In-Place Bijective Burrows Wheeler Transformations	Dominik Köppl, Daiki Hashimoto, Diptarama Hendrian, Ayumi Shinohara	https://drops.dagstuhl.de/opus/frontdoor.php?source_opus=12146	https://arxiv.org/abs/2004.12590	https://www.youtube.com/watch?v=-VXRp7KRSI4	
2020	CPM	Efficient tree-structured categorical retrieval	Djamal Belazzougui, Gregory Kucherov	https://drops.dagstuhl.de/opus/frontdoor.php?source_opus=12129	https://arxiv.org/abs/2006.01825	https://www.youtube.com/watch?v=771issQYaP8	
2020	CPM	Finding the Anticover of a String	Mai Alzamel, Alessio Conte, Shuhei Denzumi, Roberto Grossi, Costas Iliopoulos, Kazuhiro Kurita, Kunihiro Wasa	https://drops.dagstuhl.de/opus/frontdoor.php?source_opus=12127		https://www.youtube.com/watch?v=cYIP6DDO7B4	
2020	CPM	String Factorizations under Various Collision Constraints	Niels Grüttemeier, Christian Komusiewicz, Nils Morawietz, Frank Sommer	https://drops.dagstuhl.de/opus/frontdoor.php?source_opus=12142		https://www.youtube.com/watch?v=fD8fgADRkiQ	https://cpm2020.compute.dtu.dk/slides/session_09_talk_04.pdf
2020	FOCS	Lazy Search Trees	Bryce Sandlund, Sebastian Wild	https://ieeexplore.ieee.org/document/9317922	https://arxiv.org/abs/2010.08840	https://www.youtube.com/watch?v=PIenW2VxGPE	
2020	FOCS	On One-way Functions and Kolmogorov Complexity	Yanyi Liu, Rafael Pass	https://ieeexplore.ieee.org/document/9317907	https://arxiv.org/abs/2009.11514	https://www.youtube.com/watch?v=jFZvm7rLPew	
2020	FOCS	Edit Distance in Near-Linear Time: it’s a Constant Factor	Alexandr Andoni, Negev Shekel Nosatzki	https://ieeexplore.ieee.org/document/9317904	https://arxiv.org/abs/2005.07678	https://www.youtube.com/watch?v=mh01sv0HKh4	
2020	FOCS	Sublinear-Time Algorithms for Computing & Embedding Gap Edit Distance	Tomasz Kociumaka, Barna Saha	https://ieeexplore.ieee.org/document/9317955	https://arxiv.org/abs/2007.12762	https://www.youtube.com/watch?v=3jfHHEFNRU4	
2020	FOCS	Resolution of the Burrows-Wheeler Transform Conjecture	Dominik Kempa, Tomasz Kociumaka	https://ieeexplore.ieee.org/document/9317909	https://arxiv.org/abs/1910.10631	https://www.youtube.com/watch?v=KKUsnd6tttw	
2020	ESA	Efficient Computation of 2-Covers of a String	Jakub Radoszewski, Juliusz Straszyński	https://drops.dagstuhl.de/opus/volltexte/2020/12943/		https://www.youtube.com/watch?v=f3KVyrcZ14w	
2020	ESA	Fast Preprocessing for Optimal Orthogonal Range Reporting and Range Successor with Applications to Text Indexing	Younan Gao, Meng He, Yakov Nekritch	https://drops.dagstuhl.de/opus/volltexte/2020/12920/	https://arxiv.org/abs/2006.11978		
2020	ESA	New Binary Search Tree Bounds via Geometric Inversions	Parinya Chalermsook, Wanchote Jiamjitrak	https://drops.dagstuhl.de/opus/volltexte/2020/12894/		https://www.youtube.com/watch?v=zIDVQ1pDUfg	
2020	ESA	On the Complexity of BWT-runs Minimization via Alphabet Reordering	Jason Bentley, Daniel Gibney, Sharma V. Thankachan	https://drops.dagstuhl.de/opus/volltexte/2020/12881/	https://arxiv.org/abs/1911.03035	https://www.youtube.com/watch?v=-3yYW10RfuI	
2020	ESA	The Fine-grained Complexity of Median and Center String Problems under Edit Distance	Gary Hoppenworth, Jason Bentley, Daniel Gibney, Sharma V. Thankachan	https://drops.dagstuhl.de/opus/volltexte/2020/12927/		https://www.youtube.com/watch?v=372qT_i5-X4	
2020	ESA	The number of repetitions in 2D-strings	Panagiotis Charalampopoulos, Jakub Radoszewski, Wojciech Rytter, Tomasz Walen, Wiktor Zuba	https://drops.dagstuhl.de/opus/volltexte/2020/12898/	https://arxiv.org/abs/2006.15999	https://www.youtube.com/watch?v=L3UOYoAmjPo	
2020	ESA	Practical Performance of Space Efficient Data Structures for Longest Common Extensions	Patrick Dinklage, Johannes Fischer, Alexander Herlez, Tomasz Kociumaka, Florian Kurpicz	https://drops.dagstuhl.de/opus/volltexte/2020/12905/		https://www.youtube.com/watch?v=ctiATSZCruk	
2020	SPIRE	Efficient Construction of Hierarchical Overlap Graphs	Sung Gwan Park, Bastien Cazaux, Kunsoo Park, Eric Rivals	https://link.springer.com/chapter/10.1007/978-3-030-59212-7_20	https://hal-lirmm.ccsd.cnrs.fr/lirmm-03014336/file/Efficient_Construction_of_Hierarchical_Overlap_Graphs%281%29.pdf		https://www.cs.ucf.edu/spire2020/wp-content/uploads/2020/10/Efficient-Construction-of-Hierarchical-Overlap-Graphs.pdf
2020	SPIRE	A Comparison of Pre-indexing Document Pruning Strategies	Soner Sukru Altin, Ricardo Baeza-Yates, B. Barla Cambazoglu		https://repositori.upf.edu/bitstream/handle/10230/47646/altin_spire_prein.pdf?sequence=1&isAllowed=y		https://www.cs.ucf.edu/spire2020/wp-content/uploads/2020/10/Pre-indexing-pruning-strategies.pdf
2020	SPIRE	Approximating The Anticover of a String	Itai Boneh, Amihood Amir, Eitan Kondratovsky	https://link.springer.com/chapter/10.1007/978-3-030-59212-7_8			https://www.cs.ucf.edu/spire2020/wp-content/uploads/2020/10/Approximating-The-Anticover-of-a-String2.pdf
2020	SPIRE	Navigating Forest Straight-Line Programs in constant time	Carl Philipp Reh, Kurt Sieber	https://link.springer.com/chapter/10.1007/978-3-030-59212-7_2			
2020	SPIRE	Measuring controversy in Social Networks through NLP	Juan Manuel Ortiz de Zarate, Marco Di Giovanni, Esteban Feuerstein, Marco Brambilla	https://link.springer.com/chapter/10.1007/978-3-030-59212-7_14			https://www.cs.ucf.edu/spire2020/wp-content/uploads/2020/10/Measuring-Controversy-in-Social-Networks-through-NLP-PRESENTATION.pdf
2020	SPIRE	Towards Efficient Interactive Computation of Dynamic Time Warping Distance	Akihiro Nishi, Yuto Nakashima, Shunsuke Inenaga, Hideo Bannai, Masayuki Takeda	https://link.springer.com/chapter/10.1007/978-3-030-59212-7_3	https://arxiv.org/abs/2005.08190		https://www.cs.ucf.edu/spire2020/wp-content/uploads/2020/10/SPIRE2020_inenaga.pdf
2020	SPIRE	Multidimensional Period Recovery	Amihood Amir, Ayelet Butman, Eitan Kondratovsky, Avivit Levy, Dina Sokol	https://link.springer.com/chapter/10.1007/978-3-030-59212-7_9			https://www.cs.ucf.edu/spire2020/wp-content/uploads/2020/10/multidim2020-1410.pdf
2020	SPIRE	On repetitiveness measures of Thue-Morse words	Kanaru Kutsukake, Takuya Matsumoto, Yuto Nakashima, Shunsuke Inenaga, Hideo Bannai, Masayuki Takeda	https://link.springer.com/chapter/10.1007/978-3-030-59212-7_15	https://arxiv.org/abs/2005.09524		https://www.cs.ucf.edu/spire2020/wp-content/uploads/2020/10/On_Repetitiveness_Measures_of_Thue-Morse_Words.pdf
2020	SPIRE	Computing Covers under Substring Consistent Equivalence Relations	Natsumi Kikuchi, Diptarama Hendrian, Ryo Yoshinaka, Ayumi Shinohara	https://link.springer.com/chapter/10.1007/978-3-030-59212-7_10	https://arxiv.org/abs/2002.06764		https://www.cs.ucf.edu/spire2020/wp-content/uploads/2020/10/spire2020_natsumikkc.pdf
2020	SPIRE	Smaller fully-functional bidirectional BWT indexes	Fabio Cunial, Djamal Belazzougui	https://link.springer.com/chapter/10.1007/978-3-030-59212-7_4			https://www.cs.ucf.edu/spire2020/wp-content/uploads/2020/10/cunial.pdf
2020	SPIRE	A Comparison of Empirical Tree Entropies	Danny Hucke, Markus Lohrey, Louisa Seelbach Benkner	https://link.springer.com/chapter/10.1007/978-3-030-59212-7_17	https://arxiv.org/abs/2006.01695		https://www.cs.ucf.edu/spire2020/wp-content/uploads/2020/10/SPIRE.pdf
2020	SPIRE	Lyndon Words, the Three Squares Lemma, and Primitive Squares	Hideo Bannai, Takuya Mieno, Yuto Nakashima	https://link.springer.com/chapter/10.1007/978-3-030-59212-7_19	https://arxiv.org/abs/2006.13576		https://www.cs.ucf.edu/spire2020/wp-content/uploads/2020/10/Mieno.pdf
2020	SPIRE	Efficient Enumeration of Distinct Factors Using Package Representations	Panagiotis Charalampopoulos, Tomasz Kociumaka, Jakub Radoszewski, Wojciech Rytter, Tomasz Walen, Wiktor Zuba	https://link.springer.com/chapter/10.1007/978-3-030-59212-7_18			https://www.cs.ucf.edu/spire2020/wp-content/uploads/2020/10/Slides_SPIRE_2020.pdf
2020	SPIRE	Internal Quasiperiod Queries	Maxime Crochemore, Costas Iliopoulos, Jakub Radoszewski, Wojciech Rytter, Juliusz Straszyński, Tomasz Walen, Wiktor Zuba	https://link.springer.com/chapter/10.1007/978-3-030-59212-7_5	https://arxiv.org/abs/2007.13471		https://www.cs.ucf.edu/spire2020/wp-content/uploads/2020/10/Internal.pdf
2020	SPIRE	Adaptive Exact Learning in a Mixed-Up World: Dealing with Periodicity, Errors, and Jumbled-Index Queries in String Reconstruction	Ramtin Afshar, Amihood Amir, Michael Goodrich, Pedro Matias	https://link.springer.com/chapter/10.1007/978-3-030-59212-7_12			
2020	SPIRE	An Efficient Elastic-Degenerate Text Index? Not Likely	Daniel Gibney	https://link.springer.com/chapter/10.1007/978-3-030-59212-7_6			
2020	SPIRE	Tailoring r-index for Document Listing Towards Metagenomics Applications	Dustin Cobas, Veli Makinen, Massimiliano Rossi	https://link.springer.com/chapter/10.1007/978-3-030-59212-7_21	https://arxiv.org/abs/2006.05871		https://www.cs.ucf.edu/spire2020/wp-content/uploads/2020/10/Tailoring-r-index-for-document-listing-towards-metagenomics-applications.pdf
2020	SPIRE	Contextual Pattern Matching	Gonzalo Navarro	https://link.springer.com/chapter/10.1007/978-3-030-59212-7_1	https://arxiv.org/abs/2010.07076		https://www.cs.ucf.edu/spire2020/wp-content/uploads/2020/10/charla.pdf
2020	SPIRE	Practical Random Access to SLP-Compressed Texts	Travis Gagie, Tomohiro I, Giovanni Manzini, Gonzalo Navarro, Hiroshi Sakamoto, Louisa Seelbach Benkner, Yoshimasa Takabatake	https://link.springer.com/chapter/10.1007/978-3-030-59212-7_16	https://arxiv.org/abs/1910.07145		https://www.cs.ucf.edu/spire2020/wp-content/uploads/2020/10/20201015_GCRandomAccess.pdf
2020	SPIRE	Longest Square Subsequence Problem Revisited	Takafumi Inoue, Shunsuke Inenaga, Hideo Bannai	https://link.springer.com/chapter/10.1007/978-3-030-59212-7_11	https://arxiv.org/abs/2006.00216		https://www.cs.ucf.edu/spire2020/wp-content/uploads/2020/10/2020.10-SPIRE-LSS.pdf
2020	SPIRE	Relative Lempel-Ziv Compression of Suffix Arrays	Simon Puglisi, Bella Zhukova	https://link.springer.com/chapter/10.1007/978-3-030-59212-7_7			https://www.cs.ucf.edu/spire2020/wp-content/uploads/2020/10/SPIRE-2020.pdf
2020	PSC	Automata Approach to Inexact Tree Pattern Matching Using 1-degree Edit Distance	Eliška Šestáková, Ondřej Guth, Jan Janoušek	http://www.stringology.org/event/2021/p01.html			http://www.stringology.org/event/2021/psc21p01_presentation.pdf
2020	PSC	Pitfalls of Algorithm Comparison	Waltteri Pakalén, Hannu Peltola, Jorma Tarhio, Bruce W. Watson	http://www.stringology.org/event/2021/p02.html			http://www.stringology.org/event/2021/psc21p02_presentation.pptx
2020	PSC	Refined Upper Bounds on the Size of the Condensed Neighbourhood of Sequences	Cedric Chauve, Marni Mishna, France Paquet-Nadeau	http://www.stringology.org/event/2021/p03.html			http://www.stringology.org/event/2021/psc21p03_presentation.pdf
2020	PSC	Computational Substantiation of the d-step Conjecture for Distinct Squares Revisited	Frantisek Franek, Michael Liut	http://www.stringology.org/event/2021/p04.html			http://www.stringology.org/event/2021/psc21p04_presentation.pdf
2020	PSC	Counting Lyndon Subsequences	Ryo Hirakawa, Yuto Nakashima, Shunsuke Inenaga, Masayuki Takeda	http://www.stringology.org/event/2021/p05.html			http://www.stringology.org/event/2021/psc21p05_presentation.pdf
2020	PSC	The n-ary Initial Literal and Literal Shuffle	Stefan Hoffmann	http://www.stringology.org/event/2021/p06.html			http://www.stringology.org/event/2021/psc21p06_presentation.pdf
2020	PSC	Towards an Efficient Text Sampling Approach for Exact and Approximate Matching	Simone Faro, Francesco Pio Marino, Arianna Pavone, Antonio Scardace	http://www.stringology.org/event/2021/p07.html			http://www.stringology.org/event/2021/psc21p07_presentation.pdf
2020	PSC	Searching with Extended Guard and Pivot Loop	Waltteri Pakalén, Jorma Tarhio, Bruce W. Watson	http://www.stringology.org/event/2021/p08.html			http://www.stringology.org/event/2021/psc21p08_presentation.pdf
2020	ISAAC	Random Access in Persistent Strings	Philip Bille, Inge Li Gørtz	https://drops.dagstuhl.de/opus/volltexte/2020/13392/	https://arxiv.org/abs/2006.15575		
2020	ISAAC	Update Query Time Trade-off for Dynamic Suffix Arrays	Itai Boneh, Amihood Amir	https://drops.dagstuhl.de/opus/volltexte/2020/13407/	https://arxiv.org/abs/2007.06604		
2020	ISAAC	Enumerating Range Modes	Kentaro Sumigawa, Sankardeep Chakraborty, Kunihiko Sadakane, Srinivasa Rao Satti	https://drops.dagstuhl.de/opus/volltexte/2020/13373/	https://arxiv.org/abs/1907.10984		
2020	ISAAC	Distance Oracles for Interval Graphs via Breadth-First Rank/Select in Succinct Trees	Meng He, J. Ian Munro, Yakov Nekrich, Sebastian Wild, Kaiyu Wu	https://drops.dagstuhl.de/opus/volltexte/2020/13369/	https://arxiv.org/abs/2005.07644		
2020	ISAAC	A Faster Subquadratic Algorithm for the Longest Common Increasing Subsequence Problem	Anadi Agrawal, Pawel Gawrychowski	https://drops.dagstuhl.de/opus/volltexte/2020/13348/	https://arxiv.org/abs/2003.13589		
2022	SODA	Pattern Matching on Grammar-Compressed Strings in Linear Time	Moses Ganardi, Paweł Gawrychowski	https://epubs.siam.org/doi/abs/10.1137/1.9781611977073.110	https://arxiv.org/abs/2111.05016		
2022	SODA	The Upper Bound and Optimal-Space Queries on the LZ-End Parsing	Dominik Kempa, Barna Saha	https://epubs.siam.org/doi/abs/10.1137/1.9781611977073.111			
2022	SODA	How Compression and Approximation Affect Efficiency in String Distance Measures	Arun Ganesh, Tomasz Kociumaka, Andrea Lincoln, Barna Saha	https://epubs.siam.org/doi/abs/10.1137/1.9781611977073.112	https://arxiv.org/abs/2112.05836		
2022	SODA	Average Sensitivity of Dynamic Programming	Soh Kumabe, Yuichi Yoshida	https://epubs.siam.org/doi/abs/10.1137/1.9781611977073.77	https://arxiv.org/abs/2111.02657		
2022	SODA	Enumerating k-SAT functions	Dingding Dong, Nitya Mani, Yufei Zhao	https://epubs.siam.org/doi/abs/10.1137/1.9781611977073.85			
2022	SODA	A Lower Bound for the n-queens Problem	Michael Simkin, Zur Luria	https://epubs.siam.org/doi/abs/10.1137/1.9781611977073.86			
2022	SODA	How many Clusters? - An algorithmic answer	Chiranjib Bhattacharyya, Ravindran Kannan, Amit Kumar	https://epubs.siam.org/doi/abs/10.1137/1.9781611977073.102			
2022	SODA	Splay trees on trees	Benjamin Aram Berendsohn, László Kozma	https://epubs.siam.org/doi/abs/10.1137/1.9781611977073.75			
2022	SODA	Simulating a stack using queues	Haim Kaplan, Robert E. Tarjan, Or Zamir, Uri Zwick	https://epubs.siam.org/doi/abs/10.1137/1.9781611977073.76			
2022	SODA	A Tight Analysis of Slim Heaps and Smooth Heaps	Corwin Sinnamon, Robert E. Tarjan		https://arxiv.org/abs/2108.04458		
2022	SODA	An Improved Algorithm for The k-Dyck Edit Distance Problem	Dvir Fried, Shay Golan, Tomasz Kociumaka, Tsvi Kopelowitz, Ely Porat, Tatiana Starikovskaya	https://epubs.siam.org/doi/abs/10.1137/1.9781611977073.144	https://arxiv.org/abs/2111.02336		
2022	SODA	Selectable Heaps and Optimal Lazy Search Trees	Bryce Sandlund, Lingyi Zhang	https://epubs.siam.org/doi/abs/10.1137/1.9781611977073.78	https://arxiv.org/abs/2011.11772		
2019	SODA	Efficiently Approximating Edit Distance Between Psuedorandom Strings	William Kuszmaul	https://epubs.siam.org/doi/abs/10.1137/1.9781611975482.71	https://arxiv.org/abs/1811.04300		
2019	SODA	Lower Bounds for Oblivious Data Structures	Riko Jacob, Kasper Green Larsen, Jesper Buus Nielsen	https://epubs.siam.org/doi/abs/10.1137/1.9781611975482.149	https://arxiv.org/abs/1810.10635		
2019	SODA	List Decoding with Double Samplers	Irit Dinur, Prahladh Harsha, Tali Kaufman, Inbal Livni Navon, Amnon Tashma	https://epubs.siam.org/doi/10.1137/1.9781611975482.129	https://arxiv.org/abs/1808.00425		
2019	SODA	Lower bounds for text indexing with mismatches and differences	Vincent Cohen-Addad, Laurent Feuilloley, Tatiana Starikovskaya	https://epubs.siam.org/doi/abs/10.1137/1.9781611975482.70	https://arxiv.org/abs/1812.09120		
2019	SODA	Synchronization Strings: Highly Efficient Deterministic Constructions over Small Alphabets	Kuan Cheng, Bernhard Haeupler, Xin Li, Amirbehshad Shahrasbi, Ke Wu	https://epubs.siam.org/doi/abs/10.1137/1.9781611975482.132			
2019	SODA	Few Matches or Almost Periodicity: Faster Pattern Matching with Mismatches in Compressed Texts	Karl Bringmann, Marvin Künnemann, Philip Wellnitz	https://epubs.siam.org/doi/abs/10.1137/1.9781611975482.69			
2019	SODA	Optimal construction of compressed indices for highly repetitive texts with applications	Dominik Kempa	https://epubs.siam.org/doi/abs/10.1137/1.9781611975482.82			
2019	MFCS	RLE edit distance in near optimal time	Raphael Clifford, Paweł Gawrychowski, Tomasz Kociumaka, Daniel Martin, Przemysław Uznański	http://drops.dagstuhl.de/opus/frontdoor.php?source_opus=11010	https://arxiv.org/abs/1905.01254		
2019	MFCS	The power word problem	Markus Lohrey, Armin Weiss	http://drops.dagstuhl.de/opus/frontdoor.php?source_opus=10987	https://arxiv.org/abs/1904.08343		
2019	MFCS	Indexing Graph Search Trees and Applications	Sankardeep Chakraborty, Kunihiko Sadakane	http://drops.dagstuhl.de/opus/frontdoor.php?source_opus=11011			
2019	MFCS	From Regular Expression Matching to Parsing	Philip Bille, Inge Li Gørtz	http://drops.dagstuhl.de/opus/frontdoor.php?source_opus=11015	https://arxiv.org/abs/1804.02906		
2019	MFCS	Upper Bounds on the Length of Minimal Solutions to Certain Quadratic Word Equations	Joel Day, Florin Manea, Dirk Nowotka	http://drops.dagstuhl.de/opus/frontdoor.php?source_opus=10988			
2019	MFCS	Uniform Random Expressions Lack Expressivity	Florent Koechlin, Cyril Nicaud, Pablo Rotondo	http://drops.dagstuhl.de/opus/frontdoor.php?source_opus=10995			
2019	MFCS	A Constant-Time Colored Choice Dictionary with Almost Robust Iteration	Torben Hagerup	http://drops.dagstuhl.de/opus/volltexte/2019/11008/			
2019	ESA	Bidirectional Text Compression in External Memory	Johannes Fischer, Patrick Dinklage, Dominik Köppl, Manuel Penschuk, Jonas Ellert	https://drops.dagstuhl.de/opus/volltexte/2019/11162/	https://arxiv.org/abs/1907.03235		
2019	ESA	Longest Common Substring Made Fully Dynamic	Amihood Amir, Panagiotis Charalampopoulos, Solon Pissis, Jakub Radoszewski	https://drops.dagstuhl.de/opus/volltexte/2019/11127/	https://arxiv.org/abs/1804.08731		
2019	ESA	On the Hardness and Inapproximability of Recognizing Wheeler Graphs	Daniel Gibney, Sharma V. Thankachan	https://drops.dagstuhl.de/opus/volltexte/2019/11172/	https://arxiv.org/abs/1902.01960		
2019	SOFSEM	On Infinite Prefix Normal Words	Ferdinando Cicalese, Zsuzsanna Liptak, Massimiliano Rossi	https://link.springer.com/chapter/10.1007/978-3-030-10801-4_11	https://arxiv.org/abs/1811.06273		
2019	IWOCA	Finding Periods in Cartesian Tree Matching	Magsarjav Bataa, Sung Gwan Park, Amihood Amir, Gad M. Landau, Kunsoo Park	https://link.springer.com/chapter/10.1007%2F978-3-030-25005-8_7			
2019	IWOCA	Burrows-Wheeler transform of words defined by morphisms	Srecko Brlek, Andrea Frosini, Ilaria Mancini, Elisa Pergola, Simone Rinaldi	https://link.springer.com/chapter/10.1007/978-3-030-25005-8_32	https://flore.unifi.it/retrieve/handle/2158/1171602/573737/BWT-morphism_%20Last.pdf		
2019	IWOCA	Shortest Unique Palindromic Substring Queries on Run-Length Encoded Strings	Kiichi Watanabe, Yuto Nakashima, Shunsuke Inenaga, Hideo Bannai, Masayuki Takeda	https://link.springer.com/chapter/10.1007/978-3-030-25005-8_35	https://arxiv.org/abs/1903.06290		
2019	DLT	Computing the k-binomial complexity of the Thue-Morse word	Marie Lejeune, Julien Leroy, Michel Rigo	https://link.springer.com/chapter/10.1007%2F978-3-030-24886-4_21	https://arxiv.org/abs/1812.07330		https://orbi.uliege.be/handle/2268/233045
2019	DLT	Separating many words by counting occurrences of factors	Aleksi Saarela	https://link.springer.com/chapter/10.1007/978-3-030-24886-4_19	https://arxiv.org/abs/1905.07223		
2019	DLT	On the length of shortest strings accepted by two-way finite automata	Egor Dobronravov, Nikita Dobronravov, Alexander Okhotin	https://link.springer.com/chapter/10.1007%2F978-3-030-24886-4_6			
2019	DLT	k-Spectra of Weakly-c-Balanced Words	Joel Day, Pamela Fleischmann, Florin Manea, Dirk Nowotka	https://link.springer.com/chapter/10.1007/978-3-030-48516-0_2	https://arxiv.org/abs/1904.09125		
2019	DLT	First Lower Bounds for Palindromic Length	Anna Frid	https://link.springer.com/chapter/10.1007/978-3-030-24886-4_17			
2019	DLT	The Relative Edit-Distance Between Two Input-Driven Languages	Hyunjoon Cheon, Yo-Sub Han, Sang-Ki Ko, Kai Salomaa	https://link.springer.com/chapter/10.1007/978-3-030-24886-4_9			
2019	DLT	On palindromic length of Sturmian sequences	Petr Ambroz, Edita Pelantová	https://link.springer.com/chapter/10.1007/978-3-030-24886-4_18	https://arxiv.org/abs/1808.08879		
2019	SEA2	Searching for best Karatsuba recurrences	Cagdas Calik, Morris Dworkin, Nathan Dykas, Rene Peralta	https://link.springer.com/chapter/10.1007/978-3-030-34029-2_22	https://www.nist.gov/publications/searching-best-karatsuba-recurrences		
2019	LATA	Regular Matching and Inclusion on Compressed Tree Patterns with Context Variables	Iovka Boneva, Joachim Niehren, Momar Sakho	https://link.springer.com/chapter/10.1007/978-3-030-13435-8_25			
2019	LATA	Efficient Representation and Counting of Antipower Factors in Words	Tomasz Kociumaka, Jakub Radoszewski, Wojciech Rytter, Juliusz Straszynski, Tomasz Walen, Wiktor Zuba	https://link.springer.com/chapter/10.1007/978-3-030-13435-8_31	https://arxiv.org/abs/1812.08101		
2019	LATA	On the maximum number of distinct palindromic sub-arrays	Kalpana Mahalingam, Palak Pandoh	https://link.springer.com/chapter/10.1007/978-3-030-13435-8_32			
2019	LATA	Automata over Infinite Sequences of Reals	Klaus Meer, Ameen Naif	https://link.springer.com/chapter/10.1007/978-3-030-13435-8_9			
2019	LATA	Palindromic Subsequences in Finite Words	Andrew Ryzhikov, Clemens Mullner	https://link.springer.com/chapter/10.1007/978-3-030-13435-8_34	https://arxiv.org/abs/1901.07502		
2019	LATA	Generalized Register Context-free Grammars	Ryoma Senda, Yoshiaki Takata, Hiroyuki Seki	https://link.springer.com/chapter/10.1007/978-3-030-13435-8_19			
2019	LATA	Recurrence in Multidimensional Words	Émilie Charlier, Svetlana Puzynina, Élise Vandomme	https://link.springer.com/chapter/10.1007/978-3-030-13435-8_29	https://arxiv.org/abs/1907.00192		
2019	ICALP	Dynamic ordered sets with approximate queries, approximate heaps and soft heaps	Mikkel Thorup, Or Zamir, Uri Zwick	http://drops.dagstuhl.de/opus/frontdoor.php?source_opus=10671			
2019	STOC	Local Decodability of the Burrows-Wheeler Transform	Sandip Sinha, Omri Weinstein	https://dl.acm.org/citation.cfm?doid=3313276.3316317	https://arxiv.org/abs/1808.03978		
2019	STOC	Optimal Succinct Rank Data Structure via Approximate Nonnegative Tensor Decomposition	Huacheng Yu	https://dl.acm.org/citation.cfm?id=3316352	https://arxiv.org/abs/1811.02078		
2019	STOC	String Synchronizing Sets: Sublinear-Time BWT Construction and Optimal LCE Data Structure	Dominik Kempa, Tomasz Kociumaka	https://dl.acm.org/citation.cfm?id=3316368	https://arxiv.org/abs/1904.04228		
2019	FOCS	Balancing Straight-Line Programs	Moses Ganardi, Artur Jez, Markus Lohrey	https://dl.acm.org/doi/10.1145/3457389?sid=SCITRUS	https://arxiv.org/abs/1902.03568	https://www.youtube.com/watch?v=_zdlexjgLJQ	
2019	FOCS	Optimal Document Exchange and New Codes for Insertions and Deletions	Bernhard Haeupler	https://ieeexplore.ieee.org/document/8948664			
2019	FOCS	Why are Proof Complexity Lower Bounds Hard?	Jan Pich, Rahul Santhanam	https://ieeexplore.ieee.org/document/8948624		https://www.youtube.com/watch?v=kzPj-MUI0vY	
2019	FOCS	Approximation Algorithms for LCS and LIS with Truly Improved Running Times	Aviad Rubinstein, Saeed Seddighin, Zhao Song, Xiaorui Sun	https://ieeexplore.ieee.org/document/8948648	https://arxiv.org/abs/2111.10538	https://www.youtube.com/watch?v=nJz5A5t5kaU	
2019	FOCS	Sublinear Algorithms for Gap Edit Distance	Elazar Goldenberg, Robert Krauthgamer, Barna Saha	https://ieeexplore.ieee.org/document/8948638	https://arxiv.org/abs/1910.00901	https://www.youtube.com/watch?v=WFxk3JAOC84	
2019	STACS	Depth First Search in the Semi-streaming Model	Shahbaz Khan, Shashank K. Mehta	http://drops.dagstuhl.de/opus/volltexte/2019/10281/	https://arxiv.org/abs/1901.03689		
2019	STACS	Constant-Time Retrieval with O(log m) Extra Bits	Martin Dietzfelbinger, Stefan Walzer	http://drops.dagstuhl.de/opus/volltexte/2019/10263/			
2019	ISAAC	Top Tree Compression of Tries	Philip Bille, Pawel Gawrychowski, Inge Li Gørtz, Gad M. Landau, Oren Weimann	https://drops.dagstuhl.de/opus/volltexte/2019/11500/	https://arxiv.org/abs/1902.02187		
2019	ISAAC	Internal Dictionary Matching	Panagiotis Charalampopoulos, Tomasz Kociumaka, Manal Modamed, Jakub Radoszewski, Wojciech Rytter, Tomasz Walen	https://drops.dagstuhl.de/opus/volltexte/2019/11518/	https://arxiv.org/abs/1909.11577		
2019	ISAAC	An improved data structure for left-right maximal generic words problem	Yuta Fujishige, Yuto Nakashima, Shunsuke Inenaga, Hideo Bannai, Masayuki Takeda	https://drops.dagstuhl.de/opus/volltexte/2019/11536/			
2019	ISAAC	On Approximate Range Mode and Range Selection	Hicham El-Zein, Meng He, Ian Munro, Yakov Nekrich, Bryce Sandlund	https://drops.dagstuhl.de/opus/volltexte/2019/11553/	https://arxiv.org/abs/1907.08579		
2019	PSC	Computing Maximal Palindromes and Distinct Palindromes in a Trie	Mitsuru Funakoshi, Yuto Nakashima, Shunsuke Inenaga, Hideo Bannai, Masayuki Takeda				
2019	PSC	Algorithms to Compute the Lyndon Array Revisited	Frantisek Franek, Michael Liut				
2019	PSC	k-Abelian Pattern Matching: Revisited, Corrected, and Extended	Golnaz Badkobeh, Hideo Bannai, Maxime Crochemore, Tomohiro I, Shunsuke Inenaga, Shiho Sugimoto				
2019	PSC	Online Parameterized Dictionary Matching with One Gap	Avivit Levy, B. Riva Shalom				
2019	PSC	An Improvement of the Franek-Jennings-Smyth Pattern Matching Algorithm	Satoshi Kobayashi, Diptarama, Ryo Yoshinaka, Ayumi Shinohara				
2019	PSC	Lexicalized Syntactic Analysis by Restarting Automata	František Mráz, Friedrich Otto, Dana Pardubská, Martin Plátek				
2019	PSC	A Fast SIMD-Based Chunking Algorithm	Yehonatan Dude, Michael Hirsch, Yair Toaff				
2019	PSC	Bidirectional Adaptive Compression	Aharon Fruchtman, Shmuel Tomi Klein, Dana Shapira				
2019	PSC	Selective Dynamic Compression	Shmuel Tomi Klein, Elina Opalinsky, Dana Shapira				
2019	PSC	Optimal Time and Space Construction of Suffix Arrays and LCP Arrays for Integer Alphabets	Keisuke Goto				
2019	PSC	Translating Between Wavelet Tree and Wavelet Matrix Construction	Patrick Dinklage				
2019	CPM	Optimal Rank and Select Queries on Dictionary-Compressed Text	Nicola Prezza	http://drops.dagstuhl.de/opus/volltexte/2019/10475			
2019	CPM	A 2-Approximation Algorithm for the Complementary Maximal Strip Recovery Problem	Haitao Jiang, Jiong Guo, Daming Zhu, Binhai Zhu	http://drops.dagstuhl.de/opus/volltexte/2019/10476			
2019	CPM	Sufficient Conditions for Efficient Indexing Under Different Matchings	Amihood Amir, Eitan Kondratovsky	http://drops.dagstuhl.de/opus/volltexte/2019/10477			
2019	CPM	Space-Efficient Computation of the LCP Array from the Burrows-Wheeler Transform	Nicola Prezza, Giovanna Rosone	http://drops.dagstuhl.de/opus/volltexte/2019/10478			
2019	CPM	Safe and Complete Algorithms for Dynamic Programming Problems, with an Application to RNA Folding	Niko Kiirala, Leena Salmela, Alexandru I. Tomescu	http://drops.dagstuhl.de/opus/volltexte/2019/10479			
2019	CPM	Conversion from RLBWT to LZ77	Takaaki Nishimoto, Yasuo Tabei	http://drops.dagstuhl.de/opus/volltexte/2019/10480			
2019	CPM	Fully-Functional Bidirectional Burrows-Wheeler Indexes and Infinite-Order De Bruijn Graphs	Djamal Belazzougui, Fabio Cunial	http://drops.dagstuhl.de/opus/volltexte/2019/10481			
2019	CPM	Entropy Lower Bounds for Dictionary Compression	Michal Ganczorz	http://drops.dagstuhl.de/opus/volltexte/2019/10482			
2019	CPM	A New Class of Searchable and Provably Highly Compressible String Transformations	Raffaele Giancarlo, Giovanni Manzini, Giovanna Rosone, Marinella Sciortino	http://drops.dagstuhl.de/opus/volltexte/2019/10483			
2019	CPM	Compressed Multiple Pattern Matching	Dmitry Kosolobov, Nikita Sivukhin	http://drops.dagstuhl.de/opus/volltexte/2019/10484			
2019	CPM	Hamming Distance Completeness	Karim Labib, Przemyslaw Uznanski, Daniel Wolleb-Graf	http://drops.dagstuhl.de/opus/volltexte/2019/10485			
2019	CPM	Approximating Approximate Pattern Matching	Jan Studený, Przemyslaw Uznanski	http://drops.dagstuhl.de/opus/volltexte/2019/10486			
2019	CPM	Cartesian Tree Matching and Indexing	Sung Gwan Park, Amihood Amir, Gad M. Landau, Kunsoo Park	http://drops.dagstuhl.de/opus/volltexte/2019/10487			
2019	CPM	Indexing the Bijective BWT	Hideo Bannai, Juha Kärkkäinen, Dominik Köppl, Marcin Piatkowski	http://drops.dagstuhl.de/opus/volltexte/2019/10488			
2019	CPM	On Maximal Repeats in Compressed Strings	Julian Pape-Lange	http://drops.dagstuhl.de/opus/volltexte/2019/10489			
2019	CPM	Dichotomic Selection on Words: A Probabilistic Analysis	Ali Akhavi, Julien Clément, Dimitri Darthenay, Loick Lhote, Brigitte Vallée	http://drops.dagstuhl.de/opus/volltexte/2019/10490			
2019	CPM	Finding a Small Number of Colourful Components	Laurent Bulteau, Konrad K. Dabrowski, Guillaume Fertin, Matthew Johnson, Daniël Paulusma, Stéphane Vialette	http://drops.dagstuhl.de/opus/volltexte/2019/10491			
2019	CPM	Streaming Dictionary Matching with Mismatches	Pawel Gawrychowski, Tatiana Starikovskaya	http://drops.dagstuhl.de/opus/volltexte/2019/10492			
2019	CPM	Quasi-Periodicity in Streams	Pawel Gawrychowski, Jakub Radoszewski, Tatiana Starikovskaya	http://drops.dagstuhl.de/opus/volltexte/2019/10493			
2019	CPM	Computing Runs on a Trie	Ryo Sugahara, Yuto Nakashima, Shunsuke Inenaga, Hideo Bannai, Masayuki Takeda	http://drops.dagstuhl.de/opus/volltexte/2019/10494			
2019	CPM	Linking BWT and XBW via Aho-Corasick Automaton: Applications to Run-Length Encoding	Bastien Cazaux, Eric Rivals	http://drops.dagstuhl.de/opus/volltexte/2019/10495			
2019	CPM	Quasi-Linear-Time Algorithm for Longest Common Circular Factor	Mai Alzamel, Maxime Crochemore, Costas S. Iliopoulos, Tomasz Kociumaka, Jakub Radoszewski, Wojciech Rytter, Juliusz Straszynski, Tomasz Walen, Wiktor Zuba	http://drops.dagstuhl.de/opus/volltexte/2019/10496			
2019	CPM	Simulating the DNA Overlap Graph in Succinct Space	Diego Díaz-Domínguez, Travis Gagie, Gonzalo Navarro	http://drops.dagstuhl.de/opus/volltexte/2019/10497			
2019	CPM	Faster Queries for Longest Substring Palindrome After Block Edit	Mitsuru Funakoshi, Yuto Nakashima, Shunsuke Inenaga, Hideo Bannai, Masayuki Takeda	http://drops.dagstuhl.de/opus/volltexte/2019/10498			
2019	CPM	A Rearrangement Distance for Fully-Labelled Trees	Giulia Bernardini, Paola Bonizzoni, Gianluca Della Vedova, Murray Patterson	http://drops.dagstuhl.de/opus/volltexte/2019/10499			
2019	CPM	On the Size of Overlapping Lempel-Ziv and Lyndon Factorizations	Yuki Urabe, Yuto Nakashima, Shunsuke Inenaga, Hideo Bannai, Masayuki Takeda	http://drops.dagstuhl.de/opus/volltexte/2019/10500			
2019	CPM	Online Algorithms for Constructing Linear-Size Suffix Trie	Diptarama Hendrian, Takuya Takagi, Shunsuke Inenaga	http://drops.dagstuhl.de/opus/volltexte/2019/10501			
2019	CPM	Searching Long Repeats in Streams	Oleg Merkurev, Arseny M. Shur	http://drops.dagstuhl.de/opus/volltexte/2019/10502			
2019	CPM	Computing the Antiperiod(s) of a String	Hayam Alamro, Golnaz Badkobeh, Djamal Belazzougui, Costas S. Iliopoulos, Simon J. Puglisi	http://drops.dagstuhl.de/opus/volltexte/2019/10503			